{
    "calibration_factors": {
        "Differential 0-1": 0.0010335684292742647, 
        "Differential 2-3": 0.0010764178376348119,
        "Differential 4-5": 0.0011944428751114872,
        "Differential 6-7": 0.0012058731736136453
    },
    "zero_load_offsets": {
        "Differential 0-1": 32684.2,
        "Differential 2-3": 78548.1,
        "Differential 4-5": 131856.4,
        "Differential 6-7": 67504.9
    }
}
