{
    "Differential 0-1": [0.005255402508804553, -32.77118234095868],
    "Differential 2-3": [0.0064694839574558245, -35.8680578828282],
    "Differential 4-5": [0.006428018984246993, -134.56260257211812],
    "Differential 6-7": [0.008134870987764936, -49.37097264202684]
}
